10.00,15447,1155,1161,99.5,5.3,6.8,15443,37.66,5.5,99.5,86,2.672,449,1
5.00,104798,8108,8115,99.9,7.0,7.6,104793,28.53,7.3,99.9,75,2.389,3663,1
4.70,22857,1903,1903,100.0,8.0,8.3,22857,24.98,8.3,99.8,57,1.687,886,1
4.50,17712,1523,1523,100.0,8.3,8.4,17712,24.11,8.7,99.7,48,1.525,708,1
4.20,32403,2952,2952,100.0,8.9,8.8,32403,21.82,9.3,99.7,41,1.406,1384,1
3.90,40097,3918,3919,100.0,10.8,10.3,40092,17.85,11.4,99.6,31,1.217,1836,1
3.60,50502,5260,5278,99.7,14.1,13.2,50475,13.83,14.9,99.2,20,1.088,2467,1
3.40,41099,4560,4627,98.6,17.6,16.6,41047,10.82,18.8,99.1,13,0.985,2128,1
3.10,79157,9165,9469,96.8,27.4,27.0,79092,7.00,29.2,98.4,11,0.909,4299,1
2.80,106001,13089,13869,94.4,60.0,61.6,105869,3.24,64.1,91.0,3,0.806,6120,1
2.50,149810,19651,21416,91.8,135.6,151.5,149597,1.27,145.4,61.0,1,0.701,9196,1
2.30,120698,18821,21080,89.3,278.9,322.5,120165,0.45,303.0,19.1,1,0.621,8661,1
2.00,16455,5249,49627,10.6,447.1,502.5,15648,0.16,528.8,7.1,-1,0.577,2102,1
10.00,15293,1154,1161,99.4,5.6,7.6,15288,35.11,5.9,99.1,82,2.452,448,2
5.00,105008,8110,8115,99.9,8.0,8.6,105003,25.16,8.4,99.9,67,2.090,3665,2
4.70,22870,1903,1903,100.0,9.8,9.5,22870,21.86,10.2,99.7,47,1.525,886,2
4.50,17744,1523,1523,100.0,10.2,9.6,17744,21.21,10.6,99.7,42,1.402,708,2
4.20,32484,2952,2952,100.0,10.8,10.1,32484,19.12,11.3,99.6,29,1.300,1384,2
3.90,40262,3919,3919,100.0,12.5,11.5,40262,15.77,13.1,99.5,17,1.096,1839,2
3.60,50579,5278,5278,100.0,15.5,14.3,50579,12.28,16.4,99.3,8,0.986,2496,2
3.40,41216,4625,4627,100.0,18.0,16.7,41216,9.80,19.1,99.2,8,0.920,2194,2
3.10,79329,9467,9469,100.0,25.5,25.3,79325,6.44,27.2,98.9,3,0.837,4504,2
2.80,106124,13779,13869,99.4,58.2,62.5,106104,2.85,62.4,90.6,3,0.769,6567,2
2.50,149504,21018,21416,98.1,132.2,157.1,149438,1.08,142.7,58.6,-2,0.658,10023,2
2.30,121476,20426,21080,96.9,253.8,315.6,121294,0.40,278.6,17.8,1,0.597,9703,2
2.00,16991,6016,49627,12.1,366.2,445.4,16358,0.16,448.3,3.8,0,0.562,2545,2
10.00,15283,1156,1161,99.6,6.7,9.3,15280,28.77,7.0,99.8,74,2.050,451,3
5.00,104542,8114,8115,100.0,9.6,10.3,104535,21.40,10.0,99.9,62,1.879,3667,3
4.70,22784,1903,1903,100.0,11.6,11.1,22784,18.92,12.2,99.7,32,1.350,886,3
4.50,17745,1523,1523,100.0,11.8,11.2,17745,18.38,12.3,99.6,29,1.253,708,3
4.20,32339,2952,2952,100.0,12.5,11.7,32339,16.74,13.2,99.6,24,1.171,1384,3
3.90,40175,3919,3919,100.0,14.1,13.0,40175,14.03,14.9,99.4,12,1.055,1839,3
3.60,50529,5278,5278,100.0,16.8,15.6,50529,11.30,17.7,99.3,6,0.935,2496,3
3.40,41049,4627,4627,100.0,19.3,18.1,41049,9.11,20.5,99.1,7,0.892,2195,3
3.10,79237,9469,9469,100.0,26.9,26.9,79237,6.16,28.6,98.8,-1,0.803,4509,3
2.80,106138,13868,13869,100.0,55.5,60.8,106137,2.94,59.5,92.7,3,0.753,6630,3
2.50,149584,21416,21416,100.0,120.6,145.3,149554,1.21,130.2,67.3,-1,0.648,10268,3
2.30,120759,21072,21080,100.0,234.0,292.9,120442,0.49,257.2,23.4,-1,0.591,9955,3
2.00,16458,6164,49627,12.4,328.3,399.7,15477,0.22,403.2,4.7,0,0.567,2448,3
10.00,15564,1155,1161,99.5,5.1,6.3,15559,40.06,5.3,99.8,88,2.874,449,4
5.00,105122,8109,8115,99.9,6.6,7.1,105115,29.67,6.9,99.9,78,2.504,3662,4
4.70,22812,1903,1903,100.0,7.6,8.0,22812,25.61,8.0,99.8,61,1.726,886,4
4.50,17750,1523,1523,100.0,8.0,8.1,17750,24.77,8.4,99.8,54,1.548,708,4
4.20,32304,2952,2952,100.0,8.6,8.5,32304,22.15,9.1,99.7,45,1.445,1384,4
3.90,40088,3919,3919,100.0,10.5,10.1,40085,17.96,11.1,99.6,34,1.243,1839,4
3.60,50535,5260,5278,99.7,14.1,13.2,50516,13.65,14.9,99.4,21,1.104,2472,4
3.40,40999,4560,4627,98.6,17.7,16.7,40959,10.57,18.9,99.2,13,0.983,2135,4
3.10,79172,9165,9469,96.8,28.7,28.0,79124,6.63,30.6,98.5,7,0.894,4310,4
2.80,105808,13092,13869,94.4,65.6,66.5,105719,2.92,70.1,90.0,3,0.801,6148,4
2.50,149674,19651,21416,91.8,151.2,166.4,149503,1.09,162.2,54.3,0,0.693,9213,4
2.30,120946,18793,21080,89.2,313.1,354.5,120469,0.37,340.3,13.3,0,0.611,8682,4
2.00,16515,5077,49627,10.2,518.2,578.4,15888,0.11,611.6,4.5,2,0.564,2131,4
10.00,15480,1158,1161,99.7,7.2,8.7,15480,29.32,7.5,99.2,77,2.220,456,5
5.00,105821,8115,8115,100.0,11.3,11.3,105821,20.88,11.7,99.8,62,1.861,3675,5
4.70,22998,1903,1903,100.0,14.6,14.5,22998,17.76,15.3,99.5,37,1.299,886,5
4.50,17922,1523,1523,100.0,15.4,15.4,17922,17.04,16.2,99.5,30,1.176,708,5
4.20,32470,2952,2952,100.0,17.2,16.9,32470,15.22,18.0,99.4,23,1.105,1384,5
3.90,40289,3918,3919,100.0,21.9,22.2,40287,12.29,23.0,99.0,14,1.012,1839,5
3.60,50479,5262,5278,99.7,29.9,32.8,50466,9.25,31.6,98.3,10,0.969,2479,5
3.40,41119,4576,4627,98.9,38.5,43.5,41079,7.13,40.9,98.2,6,0.916,2146,5
3.10,79112,9217,9469,97.3,61.6,75.2,79063,4.41,65.6,95.9,0,0.845,4346,5
2.80,105887,13216,13869,95.3,122.6,171.1,105801,1.86,131.0,73.8,-2,0.756,6237,5
2.50,149319,19920,21416,93.0,239.5,367.5,149186,0.64,257.0,27.0,-2,0.641,9427,5
2.30,119694,19139,21080,90.8,365.5,596.9,119287,0.20,397.9,5.6,0,0.581,8930,5
2.00,15412,5237,49627,10.6,449.6,794.7,14644,0.06,536.0,0.2,1,0.551,2121,5
10.00,15220,1150,1160,99.1,4.7,6.0,15217,41.43,4.9,99.7,87,2.789,446,6
5.00,104680,8078,8085,99.9,6.7,7.1,104671,29.46,7.0,99.9,75,2.355,3645,6
4.70,22919,1905,1905,100.0,8.0,7.9,22919,25.57,8.4,99.8,57,1.719,887,6
4.50,17822,1520,1520,100.0,8.2,8.0,17822,24.98,8.5,99.8,50,1.533,707,6
4.20,32656,2952,2952,100.0,8.7,8.5,32656,22.55,9.1,99.8,46,1.447,1382,6
3.90,40170,3902,3903,100.0,10.4,9.7,40170,18.61,11.0,99.7,27,1.217,1832,6
3.60,50740,5269,5269,100.0,13.0,12.0,50740,14.68,13.8,99.5,16,1.070,2492,6
3.40,41014,4612,4614,100.0,15.3,14.3,41014,11.70,16.3,99.4,11,0.987,2188,6
3.10,79537,9461,9463,100.0,21.8,21.4,79537,7.79,23.2,99.2,8,0.897,4503,6
2.80,105766,13804,13804,100.0,46.9,49.1,105761,3.62,50.4,93.8,6,0.818,6597,6
2.50,149232,21357,21360,100.0,102.5,119.9,149213,1.44,110.9,70.3,2,0.708,10243,6
2.30,121700,21047,21050,100.0,197.5,241.5,121600,0.54,217.6,24.8,-1,0.621,10062,6
2.00,17267,6469,49548,13.1,260.9,303.6,16387,0.23,323.2,7.9,1,0.605,2625,6
10.00,15215,1152,1160,99.3,5.4,7.0,15209,35.77,5.6,99.5,83,2.445,446,7
5.00,104456,8083,8085,100.0,7.6,8.0,104449,26.33,7.9,99.9,71,2.177,3652,7
4.70,22884,1905,1905,100.0,9.0,8.8,22884,23.20,9.4,99.8,52,1.602,887,7
4.50,17831,1520,1520,100.0,9.1,8.9,17831,22.62,9.5,99.8,46,1.416,707,7
4.20,32548,2952,2952,100.0,9.6,9.3,32548,20.59,10.1,99.7,39,1.358,1382,7
3.90,40079,3903,3903,100.0,11.4,10.6,40079,17.18,12.0,99.6,21,1.156,1832,7
3.60,50701,5269,5269,100.0,13.6,12.7,50701,13.89,14.4,99.4,15,1.044,2492,7
3.40,40873,4614,4614,100.0,16.0,15.1,40873,11.14,17.0,99.3,10,0.958,2189,7
3.10,79450,9463,9463,100.0,22.4,22.2,79450,7.55,23.9,99.0,8,0.877,4504,7
2.80,105843,13803,13804,100.0,44.6,47.1,105841,3.71,47.8,94.2,3,0.797,6598,7
2.50,149277,21359,21360,100.0,93.8,109.4,149241,1.56,101.4,73.4,1,0.697,10237,7
2.30,120968,21045,21050,100.0,180.5,218.3,120637,0.63,198.6,31.8,0,0.626,9924,7
2.00,16784,6256,49548,12.6,227.6,264.5,15855,0.29,280.2,11.2,-1,0.591,2507,7
10.00,15463,1151,1160,99.2,4.7,5.6,15457,44.80,4.9,99.5,91,3.041,444,8
5.00,104649,8078,8085,99.9,6.0,6.4,104640,32.96,6.3,99.9,81,2.706,3645,8
4.70,22843,1905,1905,100.0,6.8,7.1,22843,28.51,7.1,99.8,67,1.924,887,8
4.50,17815,1520,1520,100.0,7.0,7.2,17815,27.75,7.3,99.8,59,1.688,707,8
4.20,32450,2952,2952,100.0,7.6,7.6,32450,24.86,8.0,99.8,54,1.574,1382,8
3.90,39964,3878,3903,99.4,9.4,8.9,39950,20.31,9.9,99.7,39,1.372,1809,8
3.60,50678,5143,5269,97.6,12.4,11.6,50656,15.78,13.2,99.4,26,1.172,2404,8
3.40,40814,4431,4614,96.0,15.8,14.9,40760,12.28,16.8,99.3,18,1.028,2061,8
3.10,79425,8874,9463,93.8,25.1,24.4,79366,7.86,26.7,98.6,14,0.946,4140,8
2.80,105571,12565,13804,91.0,53.2,53.3,105463,3.73,56.7,93.2,4,0.831,5866,8
2.50,149309,18796,21360,88.0,119.3,129.8,149156,1.49,127.4,68.3,1,0.728,8801,8
2.30,121161,17952,21050,85.3,251.2,282.2,120810,0.54,271.6,24.4,2,0.641,8348,8
2.00,16777,5004,49548,10.1,394.2,425.4,16272,0.20,463.2,9.8,1,0.589,2153,8
10.00,15434,1156,1160,99.7,6.7,7.7,15433,34.14,7.0,99.3,77,2.368,454,9
5.00,105384,8085,8085,100.0,10.3,10.4,105384,24.45,10.7,99.8,68,2.040,3661,9
4.70,23025,1905,1905,100.0,13.6,13.6,23025,20.97,14.2,99.6,49,1.448,887,9
4.50,18012,1520,1520,100.0,14.4,14.3,18012,20.32,15.1,99.6,39,1.283,707,9
4.20,32620,2952,2952,100.0,16.3,15.9,32619,18.26,17.1,99.5,34,1.231,1381,9
3.90,40164,3884,3903,99.5,21.0,21.2,40145,14.86,22.1,99.0,20,1.090,1813,9
3.60,50620,5155,5269,97.8,28.8,31.5,50584,11.61,30.5,98.2,13,1.006,2419,9
3.40,40933,4440,4614,96.2,38.2,43.2,40864,9.03,40.6,96.8,6,0.933,2065,9
3.10,79350,8887,9463,93.9,60.0,73.9,79282,5.85,63.9,92.9,7,0.873,4177,9
2.80,105638,12555,13804,91.0,110.4,155.6,105535,2.85,117.8,75.6,2,0.800,5905,9
2.50,149207,18766,21360,87.9,210.3,329.8,149051,1.15,225.2,32.9,2,0.702,8851,9
2.30,119724,17921,21050,85.1,332.7,560.1,119222,0.42,361.1,7.4,1,0.618,8283,9
2.00,15653,4816,49548,9.7,403.7,722.0,15087,0.18,475.2,0.2,-1,0.574,2012,9
10.00,15130,1151,1161,99.1,3.8,5.0,15122,46.33,3.9,99.9,85,3.025,442,10
5.00,105500,8126,8130,100.0,6.3,6.5,105491,30.54,6.5,99.9,75,2.440,3669,10
4.70,22931,1907,1907,100.0,7.6,7.5,22931,26.07,8.0,99.9,60,1.773,889,10
4.50,17999,1530,1530,100.0,7.8,7.6,17999,25.45,8.1,99.8,51,1.567,710,10
4.20,32416,2932,2932,100.0,8.4,8.1,32416,22.73,8.8,99.8,45,1.449,1375,10
3.90,40626,3942,3942,100.0,10.1,9.5,40626,18.51,10.6,99.7,28,1.221,1850,10
3.60,50835,5279,5279,100.0,12.5,11.6,50835,14.65,13.2,99.5,22,1.115,2496,10
3.40,41190,4646,4646,100.0,14.3,13.4,41189,11.67,15.2,99.5,13,0.986,2203,10
3.10,79487,9467,9473,99.9,20.0,19.6,79457,7.84,21.3,99.1,8,0.901,4483,10
2.80,106286,13771,13888,99.2,43.4,45.4,106188,3.66,46.5,93.7,6,0.831,6492,10
2.50,149633,20949,21441,97.7,92.6,107.8,149352,1.54,99.8,71.6,2,0.718,9781,10
2.30,120857,20351,21109,96.4,169.7,207.3,120380,0.64,186.0,30.5,0,0.640,9454,10
2.00,16421,5895,49716,11.9,209.9,245.1,15455,0.31,254.7,11.8,-1,0.609,2336,10
10.00,15299,1150,1161,99.1,4.9,6.5,15295,39.55,5.1,99.8,87,2.718,445,11
5.00,105494,8126,8130,100.0,7.1,7.5,105487,28.01,7.3,99.9,74,2.283,3671,11
4.70,22856,1907,1907,100.0,8.5,8.4,22856,24.23,8.9,99.8,56,1.682,889,11
4.50,17959,1530,1530,100.0,8.7,8.5,17959,23.64,9.1,99.8,46,1.492,710,11
4.20,32304,2932,2932,100.0,9.4,9.0,32304,21.23,9.9,99.7,41,1.376,1375,11
3.90,40531,3941,3942,100.0,11.1,10.3,40531,17.42,11.7,99.7,27,1.174,1850,11
3.60,50807,5279,5279,100.0,14.0,12.9,50807,13.67,14.8,99.4,16,1.070,2496,11
3.40,41195,4644,4646,100.0,16.3,15.4,41195,10.80,17.3,99.3,9,0.962,2203,11
3.10,79402,9471,9473,100.0,23.5,23.3,79402,7.13,25.0,99.1,4,0.858,4511,11
2.80,106019,13886,13888,100.0,52.8,55.6,106018,3.20,56.7,92.4,3,0.788,6636,11
2.50,149809,21437,21441,100.0,117.4,137.0,149787,1.25,127.0,62.7,-1,0.687,10278,11
2.30,120997,21074,21109,99.8,228.5,277.5,120823,0.46,252.0,18.3,0,0.615,10047,11
2.00,16255,6119,49716,12.3,318.0,371.7,15426,0.18,393.7,5.2,-1,0.580,2506,11
10.00,15284,1157,1161,99.7,6.2,8.1,15281,35.23,6.5,99.3,81,2.441,452,12
5.00,106208,8130,8130,100.0,11.1,11.0,106208,23.30,11.5,99.9,62,1.888,3682,12
4.70,23053,1907,1907,100.0,15.3,14.3,23053,19.63,16.0,99.7,42,1.396,889,12
4.50,18108,1530,1530,100.0,16.3,15.0,18108,19.11,17.0,99.6,32,1.300,710,12
4.20,32462,2932,2932,100.0,18.2,16.7,32462,16.97,19.1,99.5,24,1.199,1375,12
3.90,40696,3941,3942,100.0,22.2,21.7,40696,13.72,23.3,99.3,12,1.022,1850,12
3.60,50752,5279,5279,100.0,28.8,31.1,50752,10.63,30.4,98.8,10,1.005,2496,12
3.40,41314,4644,4646,100.0,35.2,39.5,41314,8.38,37.3,98.6,5,0.914,2203,12
3.10,79343,9470,9473,100.0,51.2,63.9,79343,5.53,54.5,97.8,2,0.845,4510,12
2.80,106134,13883,13888,100.0,105.5,153.5,106116,2.42,113.0,80.1,1,0.770,6629,12
2.50,149296,21334,21441,99.5,206.4,337.6,149262,0.93,222.7,35.1,0,0.664,10229,12
2.30,119857,20834,21109,98.7,315.2,556.6,119681,0.37,346.1,5.2,0,0.610,9938,12
2.00,15231,5753,49716,11.6,376.8,709.1,14196,0.18,455.1,0.6,-1,0.583,2224,12
10.00,15266,1152,1160,99.3,5.8,7.8,15261,32.96,6.0,99.8,81,2.310,446,13
5.00,104708,8089,8092,100.0,8.3,8.8,104703,24.32,8.7,99.9,69,2.079,3656,13
4.70,22860,1909,1909,100.0,10.0,9.6,22860,21.33,10.4,99.7,46,1.542,889,13
4.50,17841,1520,1520,100.0,10.0,9.7,17841,20.87,10.4,99.7,40,1.390,707,13
4.20,32468,2955,2955,100.0,10.6,10.1,32468,18.97,11.1,99.6,33,1.291,1384,13
3.90,40027,3902,3902,100.0,12.3,11.5,40027,15.79,12.9,99.6,24,1.154,1831,13
3.60,50753,5271,5271,100.0,14.8,13.8,50753,12.72,15.6,99.4,12,1.007,2493,13
3.40,40893,4627,4627,100.0,17.2,16.3,40893,10.20,18.3,99.2,7,0.938,2195,13
3.10,79340,9456,9456,100.0,24.3,24.4,79340,6.90,25.9,98.9,4,0.844,4502,13
2.80,105855,13838,13839,100.0,50.0,53.6,105854,3.33,53.6,93.3,3,0.781,6616,13
2.50,149192,21360,21360,100.0,107.3,125.8,149160,1.39,115.8,69.9,0,0.679,10240,13
2.30,121017,21054,21060,100.0,210.0,254.4,120704,0.56,231.0,25.8,0,0.607,9945,13
2.00,16633,6246,49574,12.6,284.6,333.9,15658,0.25,350.6,5.4,0,0.590,2483,13
10.00,15342,1156,1160,99.7,6.1,8.2,15341,34.27,6.3,99.9,78,2.435,454,14
5.00,105638,8092,8092,100.0,11.2,11.2,105638,22.61,11.6,99.9,62,1.891,3664,14
4.70,23048,1909,1909,100.0,15.5,14.4,23048,19.05,16.2,99.7,42,1.403,889,14
4.50,18057,1520,1520,100.0,16.5,15.0,18057,18.59,17.3,99.6,32,1.222,707,14
4.20,32628,2955,2955,100.0,18.1,16.5,32628,16.57,19.0,99.5,30,1.224,1384,14
3.90,40246,3902,3902,100.0,22.2,21.5,40246,13.45,23.3,99.3,16,1.066,1831,14
3.60,50671,5271,5271,100.0,28.4,30.5,50671,10.67,30.0,98.9,8,0.987,2493,14
3.40,41032,4627,4627,100.0,35.0,39.3,41032,8.47,37.2,98.6,9,0.928,2195,14
3.10,79274,9456,9456,100.0,51.7,64.7,79271,5.68,55.0,97.4,5,0.851,4500,14
2.80,105876,13833,13839,100.0,99.3,144.3,105843,2.71,106.4,81.0,3,0.772,6593,14
2.50,148965,21174,21360,99.1,189.1,307.9,148851,1.16,203.8,38.0,0,0.671,10095,14
2.30,119699,20528,21060,97.5,299.0,528.3,119148,0.50,327.6,6.3,-1,0.620,9542,14
2.00,15564,5524,49574,11.1,354.9,676.4,14601,0.28,424.4,-1.1,0,0.607,2135,14
10.00,15479,1156,1160,99.7,6.6,8.0,15477,32.27,6.8,99.9,80,2.389,453,15
5.00,105799,8097,8097,100.0,10.5,10.7,105799,22.97,10.9,99.8,67,1.990,3666,15
4.70,22894,1898,1898,100.0,13.9,13.9,22894,19.47,14.5,99.6,48,1.423,884,15
4.50,18126,1528,1528,100.0,14.7,14.6,18126,18.90,15.4,99.6,40,1.286,711,15
4.20,32479,2949,2949,100.0,16.5,16.2,32479,16.85,17.3,99.4,31,1.190,1381,15
3.90,40134,3894,3903,99.8,21.1,21.4,40126,13.67,22.2,99.1,23,1.086,1825,15
3.60,50699,5201,5275,98.6,29.0,31.8,50673,10.49,30.7,98.3,9,0.980,2441,15
3.40,40873,4497,4618,97.4,38.2,43.1,40817,8.09,40.6,97.7,4,0.906,2105,15
3.10,79323,9022,9465,95.3,61.0,74.6,79262,5.11,64.9,94.4,2,0.866,4244,15
2.80,105514,12836,13822,92.9,116.0,161.6,105411,2.33,123.9,75.6,-2,0.759,6039,15
2.50,149112,19262,21381,90.1,222.0,341.8,148963,0.89,237.9,30.5,-1,0.666,9092,15
2.30,119828,18460,21059,87.7,351.1,575.8,119366,0.30,381.3,4.2,0,0.597,8569,15
2.00,15567,5039,49561,10.2,434.2,763.3,14872,0.11,513.7,1.1,0,0.563,2067,15
10.00,22980,1155,1161,99.5,5.6,7.4,22978,43.68,5.8,99.8,88,3.066,451,16
5.00,157429,8111,8115,100.0,7.8,8.3,157425,32.53,8.0,99.9,79,2.660,3667,16
4.70,34307,1903,1903,100.0,9.2,9.2,34307,28.52,9.5,99.9,62,1.860,886,16
4.50,26657,1523,1523,100.0,9.4,9.3,26657,27.68,9.7,99.8,56,1.680,708,16
4.20,48771,2952,2952,100.0,10.1,9.7,48771,25.09,10.4,99.8,49,1.552,1384,16
3.90,60322,3919,3919,100.0,12.0,11.1,60322,20.74,12.4,99.7,32,1.301,1839,16
3.60,75936,5278,5278,100.0,15.0,13.9,75936,16.29,15.6,99.6,22,1.113,2496,16
3.40,61721,4625,4627,100.0,17.8,16.7,61721,12.91,18.5,99.5,12,0.993,2194,16
3.10,118964,9467,9469,100.0,25.6,25.4,118964,8.53,26.8,99.3,12,0.915,4508,16
2.80,159136,13869,13869,100.0,56.3,59.6,159136,3.90,58.9,94.9,4,0.811,6631,16
2.50,224504,21416,21416,100.0,125.7,146.7,224502,1.51,132.2,73.8,1,0.698,10286,16
2.30,181601,21076,21080,100.0,248.4,302.3,181547,0.55,264.3,26.8,0,0.615,10120,16
2.00,25054,6443,49627,13.0,374.8,443.9,24464,0.21,430.5,7.6,2,0.578,2775,16
10.00,22946,1156,1161,99.6,6.3,8.5,22945,39.28,6.5,99.6,85,2.792,453,17
5.00,157023,8114,8115,100.0,8.8,9.4,157019,29.96,9.0,99.9,77,2.502,3670,17
4.70,34226,1903,1903,100.0,10.5,10.2,34226,26.49,10.8,99.8,58,1.749,886,17
4.50,26629,1523,1523,100.0,10.5,10.3,26629,25.69,10.8,99.8,57,1.574,708,17
4.20,48629,2952,2952,100.0,11.3,10.8,48629,23.42,11.6,99.8,44,1.468,1384,17
3.90,60234,3919,3919,100.0,13.2,12.2,60234,19.47,13.6,99.7,30,1.255,1839,17
3.60,75879,5278,5278,100.0,15.9,14.8,75879,15.52,16.5,99.5,19,1.088,2496,17
3.40,61554,4627,4627,100.0,18.9,17.7,61554,12.31,19.7,99.4,12,0.996,2195,17
3.10,118872,9469,9469,100.0,26.7,26.6,118872,8.23,27.9,99.2,8,0.886,4509,17
2.80,159132,13867,13869,100.0,54.7,58.7,159131,3.94,57.3,95.0,2,0.789,6629,17
2.50,224574,21415,21416,100.0,118.7,139.7,224549,1.61,124.8,75.5,0,0.680,10272,17
2.30,180903,21075,21080,100.0,235.7,287.5,180604,0.62,250.6,32.6,0,0.608,9974,17
2.00,24521,6220,49627,12.5,347.0,410.3,23886,0.26,396.6,11.8,1,0.577,2662,17
10.00,23232,1156,1161,99.6,5.2,6.5,23230,49.21,5.3,99.8,92,3.482,452,18
5.00,157465,8109,8115,99.9,6.8,7.3,157463,36.76,7.0,99.9,84,3.042,3667,18
4.70,34233,1903,1903,100.0,7.7,8.1,34233,31.93,7.9,99.9,70,2.072,886,18
4.50,26643,1523,1523,100.0,8.0,8.2,26643,30.92,8.3,99.9,65,1.867,708,18
4.20,48579,2952,2952,100.0,8.7,8.6,48579,27.81,8.9,99.8,59,1.713,1384,18
3.90,60145,3919,3919,100.0,10.6,10.1,60142,22.64,11.0,99.8,44,1.436,1839,18
3.60,75887,5260,5278,99.7,14.0,13.1,75868,17.42,14.5,99.5,29,1.222,2472,18
3.40,61503,4560,4627,98.6,17.6,16.6,61463,13.54,18.4,99.4,20,1.059,2135,18
3.10,118806,9165,9469,96.8,27.8,27.2,118758,8.67,28.9,98.9,15,0.960,4310,18
2.80,158820,13092,13869,94.4,60.9,61.9,158731,3.98,63.6,93.9,4,0.826,6148,18
2.50,224681,19654,21416,91.8,137.8,152.2,224529,1.54,144.2,69.3,2,0.715,9234,18
2.30,181087,18827,21080,89.3,287.4,327.5,180789,0.54,303.4,25.8,0,0.627,8816,18
2.00,24577,5273,49627,10.6,477.0,529.9,24116,0.17,533.6,8.4,1,0.582,2306,18
10.00,23157,1158,1161,99.7,7.0,8.4,23157,39.83,7.2,99.8,86,2.872,456,19
5.00,158193,8115,8115,100.0,10.1,10.4,158193,29.49,10.4,99.9,76,2.480,3675,19
4.70,34420,1903,1903,100.0,12.6,12.8,34420,25.57,13.0,99.8,57,1.693,886,19
4.50,26819,1523,1523,100.0,13.4,13.3,26819,24.67,13.8,99.8,54,1.542,708,19
4.20,48746,2952,2952,100.0,14.8,14.6,48746,22.26,15.3,99.7,43,1.396,1384,19
3.90,60347,3918,3919,100.0,18.7,18.7,60345,18.15,19.3,99.6,29,1.203,1839,19
3.60,75830,5262,5278,99.7,25.2,26.8,75817,14.01,26.1,99.2,17,1.070,2479,19
3.40,61624,4576,4627,98.9,32.3,35.5,61584,10.89,33.7,99.0,9,0.955,2146,19
3.10,118749,9217,9469,97.3,50.4,59.5,118701,7.00,52.6,97.7,8,0.895,4347,19
2.80,158889,13215,13869,95.3,99.8,132.6,158804,3.22,104.3,87.9,1,0.803,6236,19
2.50,224330,19922,21416,93.0,202.1,296.7,224202,1.23,211.7,49.1,1,0.691,9434,19
2.30,179822,19139,21080,90.8,339.3,530.3,179427,0.43,358.9,12.4,1,0.611,8942,19
2.00,23480,5357,49627,10.8,454.3,743.6,22928,0.15,510.3,1.6,0,0.562,2298,19
10.00,22836,1156,1161,99.6,5.8,8.1,22834,45.41,6.0,99.4,87,3.048,452,20
5.00,157417,8114,8115,100.0,8.6,9.2,157414,31.25,8.9,99.9,75,2.537,3671,20
4.70,34286,1903,1903,100.0,10.6,10.1,34286,26.97,10.9,99.9,58,1.776,886,20
4.50,26718,1523,1523,100.0,10.8,10.3,26718,26.26,11.1,99.8,50,1.599,708,20
4.20,48734,2952,2952,100.0,11.5,10.7,48734,23.64,11.9,99.8,43,1.473,1384,20
3.90,60432,3919,3919,100.0,13.1,12.1,60432,19.51,13.6,99.7,28,1.241,1839,20
3.60,75975,5278,5278,100.0,15.8,14.6,75975,15.42,16.4,99.6,19,1.075,2496,20
3.40,61677,4627,4627,100.0,18.0,16.9,61677,12.38,18.7,99.6,12,0.973,2195,20
3.10,119045,9469,9469,100.0,25.0,24.8,119045,8.30,26.0,99.4,8,0.876,4509,20
2.80,159252,13868,13869,100.0,53.5,58.1,159252,3.85,56.0,95.5,6,0.800,6630,20
2.50,224266,21415,21416,100.0,117.1,140.5,224261,1.55,123.1,77.4,1,0.682,10282,20
2.30,181667,21078,21080,100.0,223.9,281.1,181652,0.61,238.2,33.6,0,0.610,10154,20
2.00,25054,6497,49627,13.1,316.3,387.5,24581,0.26,364.9,5.5,0,0.578,2886,20
10.00,23069,1155,1161,99.5,5.6,7.3,23066,43.11,5.7,99.8,88,3.088,450,21
5.00,157715,8111,8115,100.0,7.7,8.3,157715,32.08,7.9,99.9,79,2.667,3671,21
4.70,34250,1903,1903,100.0,9.2,9.2,34250,27.95,9.5,99.8,64,1.851,886,21
4.50,26684,1523,1523,100.0,9.5,9.3,26684,27.16,9.8,99.8,56,1.672,708,21
4.20,48666,2952,2952,100.0,10.2,9.8,48666,24.47,10.5,99.8,48,1.527,1384,21
3.90,60316,3919,3919,100.0,12.0,11.2,60316,20.17,12.5,99.7,34,1.276,1839,21
3.60,75966,5278,5278,100.0,15.3,14.1,75966,15.69,15.9,99.6,20,1.117,2496,21
3.40,61620,4625,4627,100.0,18.1,17.0,61620,12.37,18.9,99.5,12,0.988,2194,21
3.10,118978,9467,9469,100.0,26.6,26.3,118978,8.06,27.7,99.3,9,0.886,4508,21
2.80,158915,13868,13869,100.0,59.9,63.1,158915,3.59,62.7,94.1,4,0.795,6630,21
2.50,224375,21414,21416,100.0,135.5,157.1,224358,1.36,142.5,68.0,0,0.683,10269,21
2.30,181848,21046,21080,99.8,269.4,324.4,181709,0.48,286.6,23.2,0,0.607,10064,21
2.00,25109,6286,49627,12.7,417.9,490.6,24546,0.17,477.4,6.4,1,0.574,2738,21
10.00,22990,1158,1161,99.7,7.1,9.0,22990,36.40,7.3,99.4,84,2.699,456,22
5.00,158431,8115,8115,100.0,10.8,11.2,158431,26.00,11.1,99.9,70,2.187,3675,22
4.70,34425,1903,1903,100.0,14.1,13.6,34425,22.38,14.6,99.7,44,1.517,886,22
4.50,26861,1523,1523,100.0,15.0,14.2,26861,21.69,15.5,99.7,37,1.395,708,22
4.20,48831,2952,2952,100.0,16.4,15.5,48831,19.51,16.9,99.7,32,1.298,1384,22
3.90,60517,3919,3919,100.0,19.8,19.3,60517,16.03,20.5,99.5,13,1.077,1839,22
3.60,75911,5278,5278,100.0,25.7,26.9,75911,12.45,26.7,99.2,8,0.994,2496,22
3.40,61740,4625,4627,100.0,31.1,33.7,61740,9.87,32.4,99.3,3,0.911,2194,22
3.10,118918,9467,9469,100.0,45.8,54.1,118918,6.46,47.7,98.9,2,0.840,4508,22
2.80,159015,13869,13869,100.0,96.2,130.5,159015,2.84,100.6,90.3,0,0.761,6631,22
2.50,224024,21416,21416,100.0,198.1,299.9,224024,1.05,208.1,56.5,-2,0.650,10288,22
2.30,180595,21078,21080,100.0,324.7,525.5,180592,0.38,345.0,13.2,0,0.586,10166,22
2.00,24013,6421,49627,12.9,417.8,711.9,23512,0.15,478.5,0.7,0,0.556,2825,22
10.00,23040,1156,1161,99.6,6.3,8.6,23038,37.54,6.5,99.7,85,2.724,452,23
5.00,157309,8114,8115,100.0,8.9,9.6,157304,28.75,9.1,99.9,77,2.457,3669,23
4.70,34169,1903,1903,100.0,10.6,10.4,34169,25.31,10.9,99.8,59,1.718,886,23
4.50,26659,1523,1523,100.0,10.7,10.5,26659,24.58,11.0,99.8,52,1.574,708,23
4.20,48512,2952,2952,100.0,11.5,11.0,48512,22.28,11.9,99.7,44,1.428,1384,23
3.90,60221,3919,3919,100.0,13.3,12.5,60221,18.54,13.8,99.7,31,1.250,1839,23
3.60,75899,5278,5278,100.0,16.4,15.2,75899,14.67,17.0,99.5,16,1.057,2496,23
3.40,61450,4627,4627,100.0,19.3,18.2,61450,11.63,20.1,99.4,13,0.969,2195,23
3.10,118886,9469,9469,100.0,27.8,27.6,118886,7.70,29.0,99.1,7,0.867,4509,23
2.80,158938,13868,13869,100.0,58.2,62.4,158937,3.61,60.9,94.6,5,0.785,6630,23
2.50,224455,21416,21416,100.0,127.9,149.9,224430,1.45,134.5,73.0,1,0.672,10273,23
2.30,181144,21075,21080,100.0,255.6,309.2,180843,0.55,271.6,28.9,-1,0.597,9973,23
2.00,24584,6206,49627,12.5,394.0,463.2,23917,0.22,449.2,7.0,3,0.574,2638,23
10.00,23012,1158,1161,99.7,7.5,9.9,23012,31.95,7.7,99.6,80,2.424,456,24
5.00,158136,8115,8115,100.0,11.5,12.1,158136,22.96,11.8,99.9,64,2.018,3675,24
4.70,34357,1903,1903,100.0,15.1,14.5,34357,19.87,15.6,99.6,34,1.387,886,24
4.50,26857,1523,1523,100.0,15.9,15.0,26857,19.24,16.3,99.6,30,1.284,708,24
4.20,48682,2952,2952,100.0,17.3,16.2,48682,17.40,17.8,99.6,24,1.184,1384,24
3.90,60447,3919,3919,100.0,20.7,20.1,60447,14.45,21.4,99.4,11,1.057,1839,24
3.60,75864,5278,5278,100.0,26.3,27.4,75864,11.50,27.3,99.2,5,0.944,2496,24
3.40,61577,4627,4627,100.0,32.1,34.5,61577,9.18,33.3,99.1,3,0.882,2195,24
3.10,118829,9469,9469,100.0,47.1,55.6,118829,6.16,49.1,98.8,0,0.804,4509,24
2.80,159023,13868,13869,100.0,93.2,127.0,159022,2.92,97.4,91.7,1,0.746,6630,24
2.50,224104,21416,21416,100.0,187.1,284.0,224079,1.18,196.4,65.1,-2,0.637,10273,24
2.30,179890,21074,21080,100.0,312.3,507.2,179593,0.47,331.3,21.4,0,0.583,9975,24
2.00,23475,6212,49627,12.5,403.5,689.4,22670,0.21,458.5,-0.2,0,0.563,2568,24
10.00,23245,1158,1161,99.7,7.0,8.2,23245,41.02,7.2,98.8,88,3.015,456,25
5.00,158492,8115,8115,100.0,10.0,10.2,158492,30.07,10.2,99.9,78,2.557,3675,25
4.70,34373,1903,1903,100.0,12.5,12.6,34373,25.81,12.9,99.8,60,1.706,886,25
4.50,26854,1523,1523,100.0,13.3,13.2,26854,24.95,13.7,99.8,54,1.544,708,25
4.20,48641,2952,2952,100.0,14.7,14.5,48641,22.30,15.2,99.7,46,1.421,1384,25
3.90,60338,3919,3919,100.0,18.5,18.6,60335,18.08,19.1,99.6,35,1.228,1839,25
3.60,75865,5262,5278,99.7,25.1,26.8,75853,13.74,26.1,99.2,17,1.090,2480,25
3.40,61522,4576,4627,98.9,32.2,35.3,61486,10.59,33.5,99.0,12,0.965,2149,25
3.10,118762,9217,9469,97.3,51.0,59.9,118720,6.63,53.2,98.0,8,0.889,4353,25
2.80,158700,13218,13869,95.3,103.6,136.2,158628,2.91,108.3,86.4,2,0.788,6249,25
2.50,224171,19920,21416,93.0,211.4,305.7,224068,1.07,221.5,45.7,0,0.680,9450,25
2.30,180069,19139,21080,90.8,355.5,544.0,179740,0.35,375.9,10.9,-1,0.600,8989,25
2.00,23532,5328,49627,10.7,479.9,771.1,23099,0.10,540.0,1.9,0,0.559,2343,25
10.00,22770,1152,1160,99.3,4.9,6.5,22769,48.60,5.1,99.8,89,3.289,450,26
5.00,157026,8083,8085,100.0,7.3,7.7,157023,34.03,7.5,99.9,80,2.728,3656,26
4.70,34370,1905,1905,100.0,8.8,8.6,34370,29.53,9.0,99.9,65,1.934,887,26
4.50,26767,1520,1520,100.0,8.9,8.7,26767,28.86,9.1,99.9,57,1.712,707,26
4.20,48946,2952,2952,100.0,9.5,9.1,48946,26.07,9.8,99.8,51,1.592,1382,26
3.90,60269,3903,3903,100.0,11.3,10.4,60269,21.58,11.6,99.8,35,1.317,1832,26
3.60,76122,5269,5269,100.0,13.7,12.7,76122,17.23,14.2,99.7,24,1.164,2492,26
3.40,61439,4614,4614,100.0,15.8,14.9,61439,13.86,16.4,99.6,15,1.018,2189,26
3.10,119275,9463,9463,100.0,22.1,21.8,119275,9.36,23.1,99.4,12,0.924,4504,26
2.80,158711,13804,13804,100.0,46.1,48.7,158711,4.45,48.3,96.2,5,0.825,6600,26
2.50,223790,21359,21360,100.0,98.8,116.1,223790,1.83,103.9,81.8,3,0.711,10261,26
2.30,182201,21049,21050,100.0,187.8,230.3,182200,0.73,199.7,40.0,0,0.625,10152,26
2.00,25708,6590,49548,13.3,245.3,287.4,25375,0.32,283.1,12.8,0,0.606,3006,26
10.00,22980,1152,1160,99.3,5.1,6.4,22979,48.11,5.2,99.7,90,3.341,450,27
5.00,157141,8081,8085,100.0,6.9,7.4,157140,35.51,7.1,99.9,83,2.887,3656,27
4.70,34315,1905,1905,100.0,8.2,8.3,34315,30.95,8.4,99.8,69,2.044,887,27
4.50,26737,1520,1520,100.0,8.4,8.3,26737,30.21,8.7,99.9,64,1.802,707,27
4.20,48837,2952,2952,100.0,9.0,8.8,48837,27.24,9.3,99.8,55,1.669,1382,27
3.90,60143,3902,3903,100.0,10.8,10.1,60143,22.46,11.2,99.8,41,1.407,1832,27
3.60,76090,5269,5269,100.0,13.7,12.7,76090,17.62,14.2,99.6,27,1.199,2492,27
3.40,61377,4612,4614,100.0,16.4,15.4,61377,13.92,17.1,99.6,18,1.044,2188,27
3.10,119248,9461,9463,100.0,24.0,23.6,119248,9.14,25.0,99.4,13,0.942,4503,27
2.80,158439,13804,13804,100.0,51.9,53.9,158438,4.22,54.3,95.2,6,0.826,6600,27
2.50,223824,21357,21360,100.0,115.0,131.8,223820,1.66,120.9,75.3,1,0.710,10257,27
2.30,182408,21049,21050,100.0,229.9,273.9,182397,0.61,244.7,29.5,1,0.628,10145,27
2.00,25690,6521,49548,13.2,334.6,380.9,25156,0.23,384.4,9.3,0,0.602,2862,27
10.00,22963,1156,1160,99.7,6.5,8.0,22962,42.17,6.7,99.2,86,2.964,454,28
5.00,157850,8085,8085,100.0,9.9,10.1,157850,30.21,10.2,99.9,76,2.448,3661,28
4.70,34481,1905,1905,100.0,12.9,12.6,34481,26.10,13.3,99.8,59,1.747,887,28
4.50,26929,1520,1520,100.0,13.6,13.1,26929,25.46,14.0,99.8,50,1.562,707,28
4.20,49000,2952,2952,100.0,15.0,14.3,49000,22.94,15.5,99.7,44,1.454,1382,28
3.90,60343,3902,3903,100.0,18.5,18.1,60343,18.88,19.2,99.7,27,1.206,1832,28
3.60,76035,5269,5269,100.0,24.1,25.5,76035,14.85,25.0,99.5,16,1.076,2492,28
3.40,61496,4612,4614,100.0,29.7,32.4,61496,11.78,30.9,99.4,10,0.980,2188,28
3.10,119185,9461,9463,100.0,43.6,52.0,119185,7.80,45.5,99.1,8,0.886,4503,28
2.80,158506,13804,13804,100.0,88.2,120.0,158503,3.62,92.2,93.3,3,0.807,6598,28
2.50,223701,21357,21360,100.0,180.0,275.7,223696,1.43,189.0,69.1,2,0.702,10256,28
2.30,180982,21049,21050,100.0,301.1,495.6,180970,0.53,319.5,22.4,0,0.621,10144,28
2.00,24573,6531,49548,13.2,375.8,646.4,23935,0.23,427.3,3.3,0,0.592,2813,28
10.00,22964,1152,1160,99.3,5.7,7.4,22964,42.92,5.9,99.6,88,3.010,451,29
5.00,156888,8084,8085,100.0,7.9,8.4,156885,32.51,8.1,99.9,81,2.700,3657,29
4.70,34271,1905,1905,100.0,9.3,9.2,34271,28.62,9.6,99.8,66,1.925,887,29
4.50,26731,1520,1520,100.0,9.3,9.2,26731,27.89,9.6,99.8,58,1.725,707,29
4.20,48723,2952,2952,100.0,10.0,9.7,48723,25.30,10.3,99.8,54,1.589,1382,29
3.90,60045,3903,3903,100.0,11.8,11.0,60045,21.02,12.2,99.7,40,1.360,1832,29
3.60,76052,5269,5269,100.0,14.5,13.5,76052,16.72,15.0,99.6,24,1.157,2492,29
3.40,61235,4614,4614,100.0,17.3,16.3,61235,13.26,18.0,99.5,16,1.025,2189,29
3.10,119161,9463,9463,100.0,24.8,24.6,119161,8.81,25.9,99.2,14,0.929,4504,29
2.80,158516,13803,13804,100.0,50.3,52.9,158515,4.25,52.7,95.4,5,0.813,6599,29
2.50,223875,21359,21360,100.0,108.7,125.1,223844,1.74,114.3,76.5,1,0.700,10241,29
2.30,181676,21045,21050,100.0,217.3,258.6,181365,0.67,231.1,35.1,0,0.620,9944,29
2.00,25210,6332,49548,12.8,311.1,355.3,24519,0.28,355.0,11.0,1,0.594,2679,29
10.00,22966,1156,1160,99.7,6.7,8.4,22965,38.01,6.9,99.2,85,2.733,454,30
5.00,157686,8085,8085,100.0,10.3,10.6,157686,27.60,10.6,99.9,72,2.293,3661,30
4.70,34447,1905,1905,100.0,13.5,13.0,34447,24.00,13.9,99.8,54,1.618,887,30
4.50,26943,1520,1520,100.0,14.2,13.5,26943,23.37,14.6,99.7,45,1.438,707,30
4.20,48890,2952,2952,100.0,15.5,14.7,48890,21.17,16.0,99.7,40,1.375,1382,30
3.90,60252,3903,3903,100.0,19.1,18.6,60252,17.56,19.8,99.6,22,1.136,1832,30
3.60,76002,5269,5269,100.0,24.5,25.7,76002,14.08,25.4,99.4,14,1.039,2492,30
3.40,61357,4614,4614,100.0,30.3,33.0,61357,11.22,31.6,99.3,9,0.952,2189,30
3.10,119097,9463,9463,100.0,44.6,53.2,119097,7.56,46.5,99.0,8,0.872,4504,30
2.80,158569,13803,13804,100.0,85.4,116.6,158567,3.70,89.3,93.7,2,0.789,6598,30
2.50,223751,21359,21360,100.0,170.7,261.4,223720,1.54,179.1,71.9,1,0.688,10242,30
2.30,180252,21045,21050,100.0,289.7,478.0,179943,0.61,307.2,25.2,0,0.625,9946,30
2.00,24094,6296,49548,12.7,361.6,626.8,23274,0.28,408.8,4.4,1,0.596,2591,30
10.00,23200,1156,1160,99.7,6.6,7.5,23199,45.45,6.8,99.1,87,3.169,454,31
5.00,157860,8085,8085,100.0,9.4,9.6,157860,33.22,9.6,99.9,82,2.744,3661,31
4.70,34423,1905,1905,100.0,11.8,12.0,34423,28.61,12.2,99.8,68,1.907,887,31
4.50,26928,1520,1520,100.0,12.5,12.5,26928,27.82,12.8,99.8,62,1.676,707,31
4.20,48798,2952,2952,100.0,13.9,13.7,48798,24.90,14.4,99.8,51,1.550,1382,31
3.90,60141,3894,3903,99.8,17.7,17.8,60133,20.27,18.4,99.6,38,1.339,1825,31
3.60,75974,5195,5269,98.6,24.1,25.8,75952,15.68,25.0,99.2,25,1.141,2442,31
3.40,61297,4495,4614,97.4,31.4,34.5,61244,12.15,32.7,98.7,16,1.005,2103,31
3.10,119072,9023,9463,95.4,49.3,58.3,119017,7.77,51.4,97.1,12,0.921,4250,31
2.80,158311,12818,13804,92.9,94.8,125.7,158223,3.66,99.0,86.5,3,0.811,6043,31
2.50,223778,19253,21360,90.1,191.1,280.7,223656,1.44,200.1,48.9,0,0.708,9107,31
2.30,180437,18458,21050,87.7,327.1,512.0,180064,0.51,345.5,12.0,2,0.632,8638,31
2.00,24087,5150,49548,10.4,431.8,703.0,23674,0.19,482.7,1.3,1,0.597,2276,31
10.00,22845,1153,1161,99.3,5.1,7.0,22842,47.43,5.3,99.9,88,3.206,448,32
5.00,158036,8129,8130,100.0,7.7,8.2,158033,32.92,7.9,99.9,79,2.663,3678,32
4.70,34300,1907,1907,100.0,9.4,9.1,34300,28.48,9.7,99.9,63,1.905,889,32
4.50,26964,1530,1530,100.0,9.5,9.2,26964,27.79,9.7,99.8,53,1.680,710,32
4.20,48441,2932,2932,100.0,10.2,9.7,48441,25.01,10.5,99.8,48,1.529,1375,32
3.90,60804,3942,3942,100.0,11.8,11.0,60804,20.59,12.2,99.8,32,1.295,1850,32
3.60,76201,5279,5279,100.0,14.5,13.4,76201,16.40,15.0,99.6,23,1.161,2496,32
3.40,61711,4646,4646,100.0,16.7,15.7,61711,13.08,17.3,99.6,13,0.996,2204,32
3.10,119097,9473,9473,100.0,23.4,23.2,119097,8.81,24.4,99.4,10,0.899,4512,32
2.80,159205,13888,13888,100.0,50.1,53.4,159205,4.10,52.4,95.7,6,0.806,6638,32
2.50,224657,21440,21441,100.0,108.4,127.7,224657,1.68,114.0,79.0,1,0.697,10301,32
2.30,181049,21106,21109,100.0,208.2,255.3,181044,0.66,221.7,34.8,-1,0.616,10177,32
2.00,24199,6373,49716,12.8,285.2,336.5,23739,0.28,329.8,8.5,-2,0.584,2833,32
10.00,22897,1157,1161,99.7,6.0,7.8,22896,45.80,6.2,99.2,87,3.136,454,33
5.00,158966,8130,8130,100.0,10.1,10.2,158966,30.68,10.4,99.9,76,2.463,3682,33
4.70,34505,1907,1907,100.0,13.5,12.7,34505,26.14,13.9,99.9,60,1.762,889,33
4.50,27133,1530,1530,100.0,14.2,13.2,27133,25.48,14.7,99.8,49,1.538,710,33
4.20,48623,2932,2932,100.0,15.8,14.5,48623,22.75,16.3,99.8,43,1.434,1375,33
3.90,60975,3942,3942,100.0,18.9,18.3,60975,18.53,19.5,99.7,28,1.189,1850,33
3.60,76153,5279,5279,100.0,24.0,25.1,76153,14.65,24.8,99.6,21,1.107,2496,33
3.40,61835,4646,4646,100.0,28.6,31.2,61835,11.64,29.7,99.4,14,0.981,2204,33
3.10,119047,9473,9473,100.0,40.8,49.0,119047,7.81,42.6,99.1,7,0.890,4512,33
2.80,159302,13883,13888,100.0,83.8,115.8,159287,3.62,87.7,91.5,5,0.810,6631,33
2.50,224134,21334,21441,99.5,168.8,263.2,224110,1.49,177.6,57.8,1,0.696,10237,33
2.30,179908,20835,21109,98.7,280.2,473.5,179776,0.62,298.4,15.3,0,0.628,9975,33
2.00,23168,6038,49716,12.1,346.4,612.4,22567,0.30,395.3,2.3,0,0.599,2594,33
10.00,23025,1157,1161,99.7,6.5,8.3,23024,40.20,6.7,99.5,88,2.915,454,34
5.00,158969,8130,8130,100.0,10.2,10.4,158969,28.71,10.4,99.9,75,2.380,3682,34
4.70,34440,1907,1907,100.0,13.3,12.9,34440,24.69,13.6,99.8,56,1.698,889,34
4.50,27092,1530,1530,100.0,14.0,13.3,27092,24.05,14.4,99.7,49,1.506,710,34
4.20,48519,2932,2932,100.0,15.5,14.7,48519,21.57,16.0,99.7,37,1.372,1375,34
3.90,60882,3941,3942,100.0,18.9,18.6,60882,17.66,19.5,99.6,26,1.176,1850,34
3.60,76125,5279,5279,100.0,24.6,25.9,76125,13.82,25.5,99.4,14,1.070,2496,34
3.40,61839,4644,4646,100.0,30.3,33.0,61839,10.86,31.5,99.3,7,0.956,2203,34
3.10,118962,9471,9473,100.0,44.7,53.2,118962,7.14,46.6,99.0,5,0.856,4511,34
2.80,159041,13887,13888,100.0,92.8,125.6,159041,3.20,97.0,92.1,1,0.776,6637,34
2.50,224315,21440,21441,100.0,189.0,286.1,224314,1.23,198.4,62.6,0,0.679,10302,34
2.30,180052,21106,21109,100.0,314.2,509.4,180045,0.45,333.7,17.9,0,0.608,10177,34
2.00,22999,6312,49716,12.7,405.4,684.0,22371,0.17,463.3,1.8,0,0.577,2711,34
10.00,23011,1156,1160,99.7,6.7,8.9,23010,35.46,6.9,99.6,82,2.641,454,35
5.00,158060,8092,8092,100.0,10.7,11.1,158060,25.66,11.0,99.9,70,2.206,3664,35
4.70,34463,1909,1909,100.0,14.1,13.5,34463,22.16,14.5,99.7,46,1.576,889,35
4.50,26958,1520,1520,100.0,14.7,14.0,26958,21.63,15.2,99.7,40,1.428,707,35
4.20,48821,2955,2955,100.0,16.1,15.2,48821,19.55,16.6,99.7,35,1.314,1384,35
3.90,60201,3902,3902,100.0,19.5,19.1,60201,16.16,20.2,99.6,22,1.148,1831,35
3.60,76047,5271,5271,100.0,25.1,26.3,76047,12.90,26.0,99.3,10,1.012,2493,35
3.40,61458,4627,4627,100.0,30.9,33.5,61458,10.27,32.1,99.3,8,0.925,2195,35
3.10,118938,9456,9456,100.0,45.7,54.4,118938,6.90,47.6,98.8,4,0.836,4502,35
2.80,158705,13838,13839,100.0,89.4,121.5,158704,3.30,93.5,92.5,1,0.766,6616,35
2.50,223641,21360,21360,100.0,178.8,271.2,223611,1.37,187.7,67.8,0,0.670,10242,35
2.30,180245,21055,21060,100.0,302.3,491.4,179944,0.54,320.7,23.5,-1,0.600,9957,35
2.00,23806,6294,49574,12.7,385.5,658.8,22960,0.24,437.1,2.3,-1,0.580,2579,35
10.00,30486,1156,1161,99.6,5.9,7.9,30485,49.46,6.0,99.8,90,3.444,453,36
5.00,209710,8114,8115,100.0,8.4,9.0,209707,35.98,8.6,99.9,82,2.915,3671,36
4.70,45686,1903,1903,100.0,10.1,9.8,45686,31.49,10.3,99.9,65,2.032,886,36
4.50,35597,1523,1523,100.0,10.2,9.9,35597,30.64,10.5,99.9,62,1.823,708,36
4.20,64999,2952,2952,100.0,11.0,10.4,64999,27.79,11.2,99.8,53,1.669,1384,36
3.90,80488,3919,3919,100.0,12.8,11.8,80488,23.09,13.1,99.8,37,1.382,1839,36
3.60,101319,5278,5278,100.0,15.5,14.3,101319,18.36,15.9,99.7,25,1.183,2496,36
3.40,82181,4627,4627,100.0,18.0,16.9,82181,14.69,18.6,99.7,18,1.040,2195,36
3.10,158679,9469,9469,100.0,25.3,25.1,158679,9.87,26.1,99.5,13,0.931,4509,36
2.80,212259,13868,13869,100.0,53.3,57.2,212259,4.64,55.1,96.7,6,0.820,6630,36
2.50,299264,21415,21416,100.0,116.2,137.6,299264,1.87,120.6,82.9,2,0.695,10287,36
2.30,241796,21078,21080,100.0,226.5,279.7,241796,0.72,237.1,41.8,-1,0.616,10167,36
2.00,33115,6529,49627,13.2,328.2,393.9,32834,0.29,365.1,12.5,2,0.589,3004,36
10.00,30762,1156,1161,99.6,5.5,7.1,30760,52.24,5.6,99.7,92,3.712,452,37
5.00,210120,8111,8115,100.0,7.5,8.0,210120,39.12,7.6,99.9,86,3.210,3671,37
4.70,45690,1903,1903,100.0,8.8,8.9,45690,34.16,9.0,99.9,73,2.189,886,37
4.50,35583,1523,1523,100.0,9.1,9.0,35583,33.17,9.3,99.9,67,1.981,708,37
4.20,64947,2952,2952,100.0,9.7,9.5,64947,29.96,10.0,99.9,60,1.795,1384,37
3.90,80374,3919,3919,100.0,11.7,10.9,80374,24.64,12.0,99.8,46,1.488,1839,37
3.60,101323,5278,5278,100.0,14.8,13.7,101323,19.22,15.2,99.7,30,1.247,2496,37
3.40,82125,4625,4627,100.0,17.9,16.8,82125,15.08,18.4,99.6,19,1.072,2194,37
3.10,158615,9467,9469,100.0,26.4,26.0,158615,9.84,27.2,99.4,15,0.965,4508,37
2.80,211940,13869,13869,100.0,57.8,60.5,211940,4.47,59.9,95.9,6,0.825,6631,37
2.50,299375,21416,21416,100.0,129.6,148.8,299373,1.72,134.5,77.0,1,0.705,10286,37
2.30,241996,21077,21080,100.0,261.3,311.2,241990,0.61,273.5,31.6,1,0.624,10162,37
2.00,33171,6455,49627,13.0,411.9,475.9,32702,0.21,456.3,9.6,2,0.583,2861,37
10.00,30714,1158,1161,99.7,6.9,8.5,30714,45.74,7.0,99.8,89,3.278,456,38
5.00,210848,8115,8115,100.0,9.9,10.3,210848,33.67,10.1,99.9,80,2.761,3675,38
4.70,45868,1903,1903,100.0,12.5,12.4,45868,29.30,12.8,99.9,64,1.875,886,38
4.50,35761,1523,1523,100.0,13.2,12.8,35761,28.40,13.5,99.8,56,1.711,708,38
4.20,65114,2952,2952,100.0,14.4,13.9,65114,25.68,14.8,99.8,49,1.565,1384,38
3.90,80575,3919,3919,100.0,17.6,17.2,80575,21.14,18.1,99.7,32,1.293,1839,38
3.60,101267,5278,5278,100.0,22.9,23.6,101267,16.54,23.5,99.5,21,1.121,2496,38
3.40,82244,4625,4627,100.0,28.1,29.9,82244,13.04,28.9,99.5,11,0.987,2194,38
3.10,158555,9467,9469,100.0,41.4,47.7,158555,8.57,42.7,99.3,9,0.916,4508,38
2.80,212028,13869,13869,100.0,85.8,111.8,212028,3.90,88.7,94.7,4,0.802,6631,38
2.50,299024,21416,21416,100.0,179.5,260.8,299024,1.50,186.2,73.2,1,0.692,10288,38
2.30,240729,21077,21080,100.0,310.6,481.7,240726,0.54,324.8,24.9,1,0.607,10165,38
2.00,32074,6499,49627,13.1,418.8,673.8,31647,0.20,463.1,4.2,0,0.579,2900,38
10.00,30742,1156,1161,99.6,6.1,8.0,30741,48.65,6.2,100.0,91,3.451,453,39
5.00,209794,8114,8115,100.0,8.3,8.9,209791,36.91,8.5,99.9,84,3.054,3671,39
4.70,45615,1903,1903,100.0,9.9,9.8,45615,32.38,10.1,99.9,70,2.107,886,39
4.50,35572,1523,1523,100.0,9.9,9.9,35572,31.43,10.2,99.9,64,1.896,708,39
4.20,64810,2952,2952,100.0,10.7,10.3,64810,28.47,11.0,99.8,58,1.726,1384,39
3.90,80292,3919,3919,100.0,12.6,11.8,80292,23.51,13.0,99.8,43,1.461,1839,39
3.60,101270,5278,5278,100.0,15.7,14.5,101270,18.48,16.1,99.6,28,1.213,2496,39
3.40,81959,4627,4627,100.0,18.8,17.7,81959,14.51,19.4,99.5,20,1.066,2195,39
3.10,158521,9469,9469,100.0,27.3,27.1,158521,9.53,28.2,99.3,14,0.945,4509,39
2.80,211947,13868,13869,100.0,56.7,60.0,211946,4.48,58.7,95.8,6,0.813,6630,39
2.50,299455,21416,21416,100.0,124.3,143.6,299430,1.79,129.0,77.8,0,0.691,10273,39
2.30,241280,21075,21080,100.0,251.0,299.7,240981,0.67,262.6,34.9,1,0.616,9974,39
2.00,32638,6235,49627,12.6,389.4,450.6,32060,0.26,429.1,13.7,1,0.566,2699,39
10.00,30679,1158,1161,99.7,7.3,9.2,30679,42.15,7.4,98.6,88,3.058,456,40
5.00,210558,8115,8115,100.0,10.5,11.0,210558,31.39,10.7,99.9,79,2.620,3675,40
4.70,45804,1903,1903,100.0,13.4,13.0,45804,27.42,13.6,99.8,59,1.776,886,40
4.50,35752,1523,1523,100.0,13.9,13.5,35752,26.55,14.2,99.8,54,1.601,708,40
4.20,64985,2952,2952,100.0,15.2,14.5,64985,24.11,15.5,99.8,44,1.484,1384,40
3.90,80499,3919,3919,100.0,18.4,17.9,80499,19.93,18.9,99.7,29,1.237,1839,40
3.60,101218,5278,5278,100.0,23.5,24.2,101218,15.78,24.2,99.5,19,1.090,2496,40
3.40,82081,4627,4627,100.0,28.9,30.6,82081,12.45,29.8,99.3,12,0.991,2195,40
3.10,158465,9469,9469,100.0,42.5,48.9,158465,8.28,43.8,99.1,9,0.886,4509,40
2.80,212016,13867,13869,100.0,84.0,110.0,212015,3.94,86.8,94.5,4,0.791,6629,40
2.50,299092,21415,21416,100.0,172.5,251.5,299067,1.59,178.8,74.1,0,0.676,10272,40
2.30,240027,21074,21080,100.0,301.5,469.4,239730,0.61,315.0,31.4,-1,0.604,9975,40
2.00,31541,6254,49627,12.6,405.1,654.7,30923,0.25,445.5,6.3,-1,0.564,2684,40
10.00,30950,1158,1161,99.7,6.6,7.9,30950,50.55,6.8,99.9,92,3.627,456,41
5.00,210859,8115,8115,100.0,9.2,9.6,210859,37.41,9.4,99.9,84,3.104,3675,41
4.70,45796,1903,1903,100.0,11.4,11.6,45796,32.35,11.6,99.9,70,2.074,886,41
4.50,35748,1523,1523,100.0,12.0,12.1,35748,31.31,12.3,99.8,65,1.878,708,41
4.20,64917,2952,2952,100.0,13.3,13.1,64917,28.13,13.6,99.8,58,1.706,1384,41
3.90,80397,3919,3919,100.0,16.7,16.6,80394,22.87,17.1,99.7,43,1.423,1839,41
3.60,101216,5262,5278,99.7,22.4,23.4,101204,17.57,23.0,99.4,30,1.202,2480,41
3.40,82027,4576,4627,98.9,28.7,30.9,81991,13.58,29.6,99.4,18,1.047,2149,41
3.10,158398,9217,9469,97.3,44.9,51.5,158356,8.66,46.3,98.4,14,0.957,4353,41
2.80,211712,13218,13869,95.3,90.7,115.4,211640,3.95,93.7,90.8,5,0.813,6249,41
2.50,299201,19923,21416,93.0,188.6,264.6,299098,1.51,195.3,56.2,2,0.708,9453,41
2.30,240197,19141,21080,90.8,333.5,495.6,239868,0.52,347.8,15.3,1,0.627,8992,41
2.00,31597,5378,49627,10.8,470.2,721.8,31223,0.17,513.4,2.0,-1,0.565,2395,41
10.00,30543,1156,1161,99.6,6.0,8.1,30541,47.98,6.1,99.7,90,3.384,452,42
5.00,209869,8114,8115,100.0,8.5,9.1,209867,34.92,8.7,99.9,82,2.875,3672,42
4.70,45605,1903,1903,100.0,10.3,10.0,45605,30.47,10.5,99.9,64,1.998,886,42
4.50,35601,1523,1523,100.0,10.5,10.1,35601,29.67,10.7,99.9,61,1.792,708,42
4.20,64875,2952,2952,100.0,11.3,10.6,64875,26.82,11.5,99.8,50,1.620,1384,42
3.90,80464,3919,3919,100.0,13.0,12.0,80464,22.26,13.3,99.8,39,1.374,1839,42
3.60,101343,5278,5278,100.0,15.9,14.7,101343,17.63,16.3,99.7,24,1.169,2496,42
3.40,82077,4627,4627,100.0,18.4,17.3,82077,14.08,19.0,99.7,16,1.021,2195,42
3.10,158693,9469,9469,100.0,26.1,25.9,158693,9.40,26.9,99.5,9,0.912,4509,42
2.80,212070,13869,13869,100.0,55.9,60.0,212070,4.36,57.9,96.4,7,0.808,6631,42
2.50,299136,21415,21416,100.0,123.1,145.4,299136,1.74,127.8,81.2,0,0.685,10287,42
2.30,242043,21078,21080,100.0,241.4,296.3,242041,0.66,252.6,38.4,0,0.608,10166,42
2.00,33178,6517,49627,13.1,361.3,431.2,32849,0.26,401.1,8.1,0,0.574,2972,42
10.00,30558,1158,1161,99.7,7.0,9.1,30558,45.29,7.1,99.8,88,3.199,456,43
5.00,210862,8115,8115,100.0,10.7,11.1,210862,31.54,10.9,99.9,76,2.584,3675,43
4.70,45826,1903,1903,100.0,13.8,13.1,45826,27.15,14.1,99.9,56,1.774,886,43
4.50,35827,1523,1523,100.0,14.5,13.6,35827,26.40,14.9,99.8,51,1.587,708,43
4.20,65071,2952,2952,100.0,15.8,14.6,65071,23.75,16.2,99.8,42,1.467,1384,43
3.90,80692,3919,3919,100.0,18.7,17.9,80692,19.60,19.1,99.7,28,1.221,1839,43
3.60,101301,5278,5278,100.0,23.5,23.9,101301,15.46,24.1,99.6,18,1.075,2496,43
3.40,82202,4627,4627,100.0,27.8,29.3,82202,12.38,28.6,99.6,11,0.963,2195,43
3.10,158636,9469,9469,100.0,39.8,45.8,158636,8.29,41.0,99.3,6,0.876,4509,43
2.80,212139,13868,13869,100.0,82.1,108.5,212139,3.83,84.9,95.1,5,0.790,6630,43
2.50,298783,21415,21416,100.0,170.3,251.8,298783,1.53,176.6,76.8,0,0.671,10287,43
2.30,240788,21078,21080,100.0,292.5,463.9,240788,0.60,306.0,32.8,0,0.600,10167,43
2.00,32074,6542,49627,13.2,383.9,632.8,31717,0.26,425.6,3.5,0,0.576,2966,43
10.00,30766,1158,1161,99.7,6.9,8.5,30766,45.10,7.0,99.5,88,3.294,456,44
5.00,211127,8115,8115,100.0,9.9,10.3,211127,33.18,10.1,99.9,81,2.769,3675,44
4.70,45818,1903,1903,100.0,12.6,12.4,45818,28.70,12.9,99.8,64,1.864,886,44
4.50,35791,1523,1523,100.0,13.3,12.9,35791,27.85,13.6,99.8,54,1.685,708,44
4.20,65006,2952,2952,100.0,14.5,13.9,65006,25.04,14.8,99.8,46,1.531,1384,44
3.90,80567,3919,3919,100.0,17.7,17.3,80567,20.55,18.1,99.7,34,1.283,1839,44
3.60,101296,5278,5278,100.0,23.0,23.8,101296,15.93,23.7,99.6,21,1.127,2496,44
3.40,82144,4625,4627,100.0,28.2,30.0,82144,12.50,29.1,99.5,13,0.984,2194,44
3.10,158569,9467,9469,100.0,42.0,48.2,158569,8.10,43.3,99.3,7,0.886,4508,44
2.80,211803,13868,13869,100.0,88.5,114.6,211803,3.59,91.6,94.1,1,0.782,6630,44
2.50,298895,21416,21416,100.0,186.1,267.6,298895,1.35,193.0,69.1,0,0.679,10288,44
2.30,240973,21077,21080,100.0,322.0,492.4,240970,0.47,336.7,20.7,1,0.604,10165,44
2.00,32127,6478,49627,13.1,440.9,698.1,31706,0.16,487.7,4.0,1,0.568,2899,44
10.00,30733,1158,1161,99.7,7.1,9.3,30733,40.47,7.3,99.7,86,3.001,456,45
5.00,210804,8115,8115,100.0,10.6,11.1,210804,30.19,10.8,99.9,78,2.572,3675,45
4.70,45750,1903,1903,100.0,13.5,13.2,45750,26.25,13.8,99.8,59,1.741,886,45
4.50,35778,1523,1523,100.0,14.0,13.6,35778,25.45,14.3,99.8,51,1.589,708,45
4.20,64874,2952,2952,100.0,15.3,14.7,64874,22.98,15.7,99.7,42,1.435,1384,45
3.90,80489,3919,3919,100.0,18.5,18.0,80489,19.00,19.0,99.7,32,1.248,1839,45
3.60,101243,5278,5278,100.0,23.7,24.4,101243,14.94,24.4,99.5,17,1.068,2496,45
3.40,81977,4627,4627,100.0,29.1,30.8,81977,11.77,30.0,99.4,11,0.953,2195,45
3.10,158477,9469,9469,100.0,43.1,49.5,158477,7.74,44.5,99.0,6,0.869,4509,45
2.80,211824,13868,13869,100.0,86.7,112.8,211823,3.61,89.6,94.1,4,0.784,6630,45
2.50,298975,21416,21416,100.0,178.6,257.8,298950,1.43,185.1,71.6,-1,0.661,10273,45
2.30,240267,21074,21080,100.0,312.0,479.1,239970,0.54,326.0,28.1,-2,0.590,9975,45
2.00,31603,6248,49627,12.6,428.1,681.2,30997,0.21,471.1,3.4,1,0.575,2688,45
10.00,30478,1152,1160,99.3,5.4,7.1,30478,51.94,5.5,99.4,92,3.596,451,46
5.00,209352,8084,8085,100.0,7.7,8.2,209350,37.87,7.9,99.9,84,3.077,3658,46
4.70,45732,1905,1905,100.0,9.2,9.0,45732,33.09,9.4,99.9,70,2.174,887,46
4.50,35663,1520,1520,100.0,9.3,9.1,35663,32.34,9.5,99.9,65,1.907,707,46
4.20,65103,2952,2952,100.0,9.9,9.6,65103,29.26,10.2,99.9,57,1.759,1382,46
3.90,80235,3903,3903,100.0,11.8,10.9,80235,24.29,12.1,99.8,43,1.454,1832,46
3.60,101465,5269,5269,100.0,14.4,13.3,101465,19.35,14.8,99.7,29,1.249,2492,46
3.40,81801,4614,4614,100.0,16.9,15.8,81801,15.48,17.4,99.7,19,1.073,2189,46
3.10,158984,9463,9463,100.0,23.9,23.7,158984,10.37,24.7,99.5,14,0.961,4504,46
2.80,211384,13804,13804,100.0,50.1,52.9,211384,4.91,51.8,96.9,8,0.834,6600,46
2.50,298376,21358,21360,100.0,108.7,126.7,298376,1.99,112.9,83.7,2,0.713,10260,46
2.30,242909,21049,21050,100.0,213.0,258.1,242909,0.76,223.0,43.2,1,0.625,10153,46
2.00,34134,6618,49548,13.4,299.6,347.4,33900,0.31,332.9,12.6,1,0.597,3071,46
10.00,30505,1156,1160,99.7,6.3,8.0,30504,48.88,6.4,100.0,90,3.403,454,47
5.00,210212,8085,8085,100.0,9.7,10.0,210212,34.55,9.9,99.9,80,2.790,3661,47
4.70,45914,1905,1905,100.0,12.5,12.0,45914,29.90,12.8,99.8,65,1.950,887,47
4.50,35876,1520,1520,100.0,13.1,12.4,35876,29.20,13.4,99.9,56,1.720,707,47
4.20,65280,2952,2952,100.0,14.3,13.5,65280,26.34,14.6,99.8,48,1.596,1382,47
3.90,80438,3903,3903,100.0,17.3,16.7,80438,21.78,17.8,99.8,33,1.305,1832,47
3.60,101418,5269,5269,100.0,21.9,22.5,101418,17.35,22.5,99.7,23,1.156,2492,47
3.40,81922,4614,4614,100.0,26.3,28.0,81922,13.91,27.1,99.6,14,1.016,2189,47
3.10,158922,9463,9463,100.0,37.8,43.8,158922,9.36,39.0,99.4,12,0.921,4504,47
2.80,211451,13804,13804,100.0,76.2,100.6,211451,4.45,78.8,96.1,5,0.822,6600,47
2.50,298261,21359,21360,100.0,157.4,234.4,298261,1.82,163.3,80.7,1,0.707,10261,47
2.30,241474,21048,21050,100.0,273.5,438.5,241474,0.72,286.0,38.6,0,0.623,10152,47
2.00,33018,6627,49548,13.4,345.2,572.1,32705,0.31,381.0,7.2,-1,0.600,3032,47
10.00,30721,1156,1160,99.7,6.4,7.8,30720,49.85,6.6,99.8,92,3.521,454,48
5.00,210342,8085,8085,100.0,9.3,9.6,210342,36.53,9.5,99.9,84,2.982,3661,48
4.70,45888,1905,1905,100.0,11.8,11.7,45888,31.65,12.0,99.9,69,2.060,887,48
4.50,35845,1520,1520,100.0,12.4,12.1,35845,30.86,12.7,99.8,64,1.829,707,48
4.20,65183,2952,2952,100.0,13.6,13.1,65183,27.77,13.9,99.8,55,1.674,1382,48
3.90,80322,3902,3903,100.0,16.8,16.4,80322,22.82,17.2,99.8,39,1.392,1832,48
3.60,101387,5269,5269,100.0,21.9,22.7,101387,17.84,22.5,99.6,27,1.194,2492,48
3.40,81861,4612,4614,100.0,27.1,28.9,81861,14.04,27.9,99.5,18,1.047,2188,48
3.10,158896,9461,9463,100.0,40.3,46.6,158896,9.17,41.6,99.3,13,0.935,4503,48
2.80,211179,13804,13804,100.0,82.2,106.7,211179,4.23,85.0,95.1,6,0.822,6600,48
2.50,298289,21357,21360,100.0,171.5,249.1,298288,1.65,177.9,74.4,1,0.708,10260,48
2.30,241672,21048,21050,100.0,300.6,466.4,241666,0.60,314.3,27.2,1,0.625,10150,48
2.00,32996,6579,49548,13.3,397.2,633.4,32560,0.23,438.0,5.0,0,0.598,2940,48
10.00,30692,1156,1160,99.7,6.8,8.4,30691,45.44,6.9,98.9,88,3.249,454,49
5.00,210155,8085,8085,100.0,9.9,10.2,210155,33.83,10.1,99.9,82,2.809,3661,49
4.70,45850,1905,1905,100.0,12.5,12.3,45850,29.49,12.8,99.9,65,1.937,887,49
4.50,35850,1520,1520,100.0,13.0,12.7,35850,28.71,13.3,99.8,62,1.748,707,49
4.20,65080,2952,2952,100.0,14.2,13.7,65080,25.94,14.6,99.8,51,1.604,1382,49
3.90,80225,3903,3903,100.0,17.4,17.0,80225,21.45,17.9,99.7,36,1.343,1832,49
3.60,101352,5269,5269,100.0,22.4,23.2,101352,16.97,23.1,99.6,25,1.155,2492,49
3.40,81719,4614,4614,100.0,27.8,29.6,81719,13.39,28.7,99.4,15,1.027,2189,49
3.10,158810,9463,9463,100.0,41.2,47.7,158810,8.86,42.5,99.2,12,0.921,4504,49
2.80,211238,13803,13804,100.0,80.4,104.9,211237,4.25,83.1,95.1,4,0.813,6599,49
2.50,298335,21358,21360,100.0,164.9,240.0,298305,1.73,171.0,75.5,1,0.693,10241,49
2.30,240960,21045,21050,100.0,291.6,453.7,240653,0.66,304.7,33.1,1,0.617,9948,49
2.00,32522,6369,49548,12.9,384.9,618.2,31858,0.27,422.6,8.1,0,0.590,2709,49
10.00,30570,1157,1161,99.7,6.4,8.3,30569,47.43,6.5,99.2,89,3.353,454,50
5.00,211538,8130,8130,100.0,10.0,10.3,211538,33.31,10.2,99.9,79,2.718,3682,50
4.70,45862,1907,1907,100.0,13.0,12.4,45862,28.75,13.2,99.9,62,1.902,889,50
4.50,36100,1530,1530,100.0,13.5,12.8,36100,28.02,13.8,99.8,54,1.683,710,50
4.20,64651,2932,2932,100.0,14.9,13.9,64651,25.19,15.2,99.8,49,1.526,1375,50
3.90,81157,3942,3942,100.0,17.7,17.1,81157,20.73,18.2,99.8,34,1.285,1850,50
3.60,101517,5279,5279,100.0,22.5,23.0,101517,16.48,23.1,99.6,24,1.152,2496,50
3.40,82359,4646,4646,100.0,26.9,28.6,82359,13.10,27.7,99.6,12,0.999,2204,50
3.10,158660,9473,9473,100.0,38.7,44.9,158660,8.80,39.9,99.4,8,0.895,4512,50
2.80,212221,13888,13888,100.0,79.7,105.1,212221,4.09,82.4,95.4,6,0.804,6638,50
2.50,299151,21440,21441,100.0,164.2,242.7,299151,1.67,170.3,77.8,1,0.691,10301,50
2.30,240108,21106,21109,100.0,284.3,451.1,240108,0.65,297.5,33.3,0,0.613,10181,50
2.00,30946,6416,49716,12.9,369.6,603.5,30550,0.27,409.3,4.5,-1,0.588,2884,50
10.00,38235,1156,1161,99.6,5.9,7.8,38234,54.63,6.0,99.9,93,3.890,453,51
5.00,262343,8114,8115,100.0,8.2,8.8,262341,40.68,8.4,99.9,86,3.327,3672,51
4.70,57040,1903,1903,100.0,9.9,9.7,57040,35.65,10.0,99.9,75,2.279,886,51
4.50,44512,1523,1523,100.0,10.0,9.8,44512,34.70,10.2,99.9,68,2.046,708,51
4.20,81166,2952,2952,100.0,10.7,10.3,81166,31.44,10.9,99.9,62,1.862,1384,51
3.90,100523,3919,3919,100.0,12.6,11.7,100523,26.08,12.8,99.8,46,1.539,1839,51
3.60,126696,5278,5278,100.0,15.5,14.3,126696,20.64,15.8,99.7,31,1.283,2496,51
3.40,102583,4627,4627,100.0,18.3,17.1,102583,16.39,18.7,99.7,20,1.098,2195,51
3.10,198328,9469,9469,100.0,26.0,25.8,198328,10.92,26.7,99.5,16,0.977,4509,51
2.80,265083,13869,13869,100.0,55.2,58.7,265083,5.10,56.7,97.1,8,0.837,6631,51
2.50,374133,21415,21416,100.0,121.1,141.5,374133,2.03,124.7,84.4,1,0.703,10287,51
2.30,302186,21078,21080,100.0,240.1,291.4,302186,0.76,248.9,44.9,0,0.621,10167,51
2.00,41232,6538,49627,13.2,363.0,426.9,40969,0.29,394.6,12.7,1,0.585,3018,51
10.00,38212,1158,1161,99.7,6.8,8.8,38212,50.59,7.0,99.9,91,3.615,456,52
5.00,263193,8115,8115,100.0,10.0,10.5,263193,36.78,10.2,99.9,82,3.000,3675,52
4.70,57236,1903,1903,100.0,12.7,12.3,57236,32.03,12.9,99.9,68,2.039,886,52
4.50,44714,1523,1523,100.0,13.2,12.7,44714,31.14,13.5,99.9,62,1.839,708,52
4.20,81345,2952,2952,100.0,14.4,13.6,81345,28.20,14.7,99.9,55,1.691,1384,52
3.90,100745,3919,3919,100.0,17.2,16.5,100745,23.36,17.5,99.8,38,1.369,1839,52
3.60,126651,5278,5278,100.0,21.7,21.9,126651,18.52,22.2,99.7,24,1.179,2496,52
3.40,102707,4627,4627,100.0,26.0,27.1,102707,14.77,26.7,99.7,18,1.037,2195,52
3.10,198272,9469,9469,100.0,37.4,42.3,198272,9.89,38.4,99.5,13,0.928,4509,52
2.80,265147,13868,13869,100.0,76.6,98.1,265147,4.63,78.7,96.5,6,0.815,6630,52
2.50,373781,21415,21416,100.0,160.7,230.2,373781,1.86,165.4,82.6,2,0.692,10287,52
2.30,300925,21078,21080,100.0,285.2,436.9,300925,0.71,295.5,41.7,0,0.609,10167,52
2.00,40135,6562,49627,13.2,384.5,606.4,39864,0.28,417.0,4.9,1,0.581,3021,52
10.00,38482,1158,1161,99.7,6.6,8.1,38482,54.15,6.8,99.9,93,3.887,456,53
5.00,263534,8115,8115,100.0,9.3,9.7,263534,40.14,9.4,99.9,87,3.300,3675,53
4.70,57251,1903,1903,100.0,11.6,11.5,57251,34.87,11.8,99.9,73,2.210,886,53
4.50,44694,1523,1523,100.0,12.1,11.9,44694,33.84,12.4,99.9,67,1.994,708,53
4.20,81290,2952,2952,100.0,13.3,12.9,81290,30.50,13.5,99.9,62,1.805,1384,53
3.90,100628,3919,3919,100.0,16.3,15.9,100628,25.02,16.6,99.8,47,1.485,1839,53
3.60,126653,5278,5278,100.0,21.2,21.7,126653,19.45,21.7,99.7,30,1.245,2496,53
3.40,102649,4625,4627,100.0,26.2,27.5,102649,15.21,26.8,99.6,19,1.065,2194,53
3.10,198206,9467,9469,100.0,39.1,44.1,198206,9.89,40.1,99.4,15,0.963,4508,53
2.80,264833,13869,13869,100.0,81.5,102.5,264833,4.48,83.7,95.8,6,0.818,6631,53
2.50,373895,21416,21416,100.0,172.8,241.4,373895,1.71,177.8,76.9,2,0.703,10288,53
2.30,301106,21077,21080,100.0,309.4,459.4,301103,0.60,320.6,29.5,1,0.619,10166,53
2.00,40191,6509,49627,13.1,435.7,663.4,39807,0.21,472.2,5.5,1,0.577,2931,53
10.00,38450,1158,1161,99.7,7.0,8.7,38450,50.85,7.1,99.7,91,3.647,456,54
5.00,263259,8115,8115,100.0,9.9,10.3,263259,38.03,10.0,99.9,85,3.148,3675,54
4.70,57187,1903,1903,100.0,12.3,12.2,57187,33.14,12.5,99.9,72,2.111,886,54
4.50,44684,1523,1523,100.0,12.8,12.5,44684,32.13,13.0,99.9,66,1.910,708,54
4.20,81166,2952,2952,100.0,13.9,13.5,81166,29.04,14.2,99.9,58,1.731,1384,54
3.90,100551,3919,3919,100.0,17.0,16.5,100551,23.89,17.3,99.8,43,1.441,1839,54
3.60,126609,5278,5278,100.0,21.8,22.2,126609,18.72,22.3,99.6,29,1.216,2496,54
3.40,102484,4627,4627,100.0,27.0,28.2,102484,14.64,27.7,99.5,19,1.068,2195,54
3.10,198114,9469,9469,100.0,40.0,45.1,198114,9.58,41.0,99.3,13,0.937,4509,54
2.80,264833,13868,13869,100.0,80.1,101.3,264832,4.48,82.3,95.5,6,0.812,6630,54
2.50,373975,21416,21416,100.0,167.3,234.6,373950,1.78,172.2,77.0,1,0.688,10273,54
2.30,300408,21075,21080,100.0,301.7,449.5,300111,0.66,312.5,34.5,-1,0.615,9976,54
2.00,39658,6267,49627,12.6,422.7,646.6,39094,0.25,456.2,6.6,2,0.571,2718,54
10.00,38243,1158,1161,99.7,6.8,8.9,38243,49.09,7.0,99.6,91,3.570,456,55
5.00,263365,8115,8115,100.0,10.1,10.6,263365,35.69,10.3,100.0,82,2.953,3675,55
4.70,57164,1903,1903,100.0,12.9,12.4,57164,30.98,13.1,99.9,65,2.013,886,55
4.50,44724,1523,1523,100.0,13.4,12.8,44724,30.15,13.7,99.9,58,1.815,708,55
4.20,81220,2952,2952,100.0,14.6,13.7,81220,27.21,14.9,99.8,52,1.624,1384,55
3.90,100729,3919,3919,100.0,17.3,16.7,100729,22.53,17.7,99.7,38,1.360,1839,55
3.60,126674,5278,5278,100.0,22.0,22.2,126674,17.78,22.4,99.7,25,1.171,2496,55
3.40,102602,4627,4627,100.0,26.3,27.3,102602,14.16,26.9,99.7,18,1.027,2195,55
3.10,198286,9469,9469,100.0,38.0,42.8,198286,9.42,38.9,99.5,10,0.908,4509,55
2.80,264962,13869,13869,100.0,78.8,100.5,264962,4.35,80.9,96.3,7,0.808,6631,55
2.50,373652,21415,21416,100.0,165.7,235.5,373652,1.72,170.5,80.4,0,0.683,10287,55
2.30,301172,21078,21080,100.0,294.0,445.6,301172,0.65,304.7,38.4,0,0.604,10167,55
2.00,40197,6558,49627,13.2,403.4,628.2,39921,0.25,437.7,4.2,1,0.574,3016,55
10.00,38205,1156,1160,99.7,6.4,8.1,38204,53.09,6.5,98.6,92,3.781,454,56
5.00,262595,8085,8085,100.0,9.5,9.8,262595,38.70,9.6,100.0,85,3.161,3661,56
4.70,57298,1905,1905,100.0,12.0,11.6,57298,33.67,12.2,99.9,72,2.194,887,56
4.50,44775,1520,1520,100.0,12.5,12.0,44775,32.87,12.7,99.9,66,1.914,707,56
4.20,81452,2952,2952,100.0,13.5,12.9,81452,29.69,13.8,99.9,59,1.763,1382,56
3.90,100408,3903,3903,100.0,16.4,15.8,100408,24.59,16.7,99.8,42,1.452,1832,56
3.60,126759,5269,5269,100.0,20.8,21.1,126759,19.53,21.3,99.7,30,1.240,2492,56
3.40,102285,4614,4614,100.0,25.1,26.3,102285,15.57,25.7,99.7,18,1.073,2189,56
3.10,198633,9463,9463,100.0,36.4,41.3,198633,10.39,37.3,99.5,14,0.955,4504,56
2.80,264124,13804,13804,100.0,73.9,94.2,264124,4.91,75.9,96.8,7,0.829,6600,56
2.50,372843,21358,21360,100.0,154.7,221.2,372843,1.98,159.3,83.3,2,0.708,10260,56
2.30,302192,21049,21050,100.0,276.9,423.6,302192,0.76,286.8,43.0,0,0.621,10153,56
2.00,41438,6650,49548,13.4,365.1,570.0,41216,0.31,395.3,10.2,1,0.596,3089,56
10.00,45952,1158,1161,99.7,6.7,8.5,45952,56.21,6.8,99.9,92,4.012,456,57
5.00,315813,8115,8115,100.0,9.6,10.1,315813,41.61,9.7,100.0,86,3.414,3675,57
4.70,68616,1903,1903,100.0,12.0,11.7,68616,36.30,12.2,99.9,74,2.309,886,57
4.50,53627,1523,1523,100.0,12.5,12.1,53627,35.29,12.6,99.9,69,2.068,708,57
4.20,97520,2952,2952,100.0,13.6,12.9,97520,31.93,13.8,99.9,63,1.874,1384,57
3.90,120784,3919,3919,100.0,16.3,15.6,120784,26.41,16.5,99.8,45,1.532,1839,57
3.60,152032,5278,5278,100.0,20.7,20.7,152032,20.84,21.0,99.7,34,1.284,2496,57
3.40,123106,4627,4627,100.0,25.0,25.7,123106,16.50,25.5,99.7,20,1.098,2195,57
3.10,237921,9469,9469,100.0,36.2,40.3,237921,10.95,37.0,99.6,16,0.974,4509,57
2.80,317975,13869,13869,100.0,74.6,92.9,317975,5.10,76.3,97.1,7,0.829,6631,57
2.50,448650,21415,21416,100.0,158.0,219.2,448650,2.02,161.8,84.2,1,0.698,10287,57
2.30,361315,21078,21080,100.0,287.1,424.0,361315,0.75,295.6,43.8,0,0.616,10167,57
2.00,48252,6569,49627,13.2,401.0,604.0,47998,0.28,429.0,7.5,0,0.584,3034,57
